Well	Barcode	R1	R2	CellType	MD5_R1	MD5_R2
A1	CCGCGGTTCTAGCGCT	A1_L000_R1_001.fastq.gz	A1_L000_R2_001.fastq.gz	K562	66d38bc228260bbd826e039337936c8a	17e83628035a1db0995a0febcdef1dae
C1	TTATAACCTCGATATC	C1_L000_R1_001.fastq.gz	C1_L000_R2_001.fastq.gz	RMG2	d68bf1093bb871f8d18acc3b3e700877	3562075b30c583a2eea33b3b38c98af4
E1	GGACTTGGCGTCTGCG	E1_L000_R1_001.fastq.gz	E1_L000_R2_001.fastq.gz	HEK293T	1f6577dd13d406411e33dd4f0685cf1c	70a3e44aab6abdee48b2dd3e1691ca4e
G1	AAGTCCAATACTCATA	G1_L000_R1_001.fastq.gz	G1_L000_R2_001.fastq.gz	HEK293T	c35f4e47d1c9d071a652eccb89fa9af0	98ba380642f893eae0a742d7bfc21d8b
I1	ATCCACTGACGCACCT	I1_L000_R1_001.fastq.gz	I1_L000_R2_001.fastq.gz	HEK293T	1d58b338ea5e8c45b5fb7099784da37c	d7e5f258363bb17b5d15e5969807127c
K1	GCTTGTCAGTATGTTC	K1_L000_R1_001.fastq.gz	K1_L000_R2_001.fastq.gz	K562	9f98ca398af9690132920e67c3ea1f6f	94069032c361a9abc253096f14b07fff
M1	CAAGCTAGCGCTATGT	M1_L000_R1_001.fastq.gz	M1_L000_R2_001.fastq.gz	RMG2	9520264ba7152848300117b7c6216187	dc97ae79d211b57169464ff462639841
O1	TGGATCGATATCGCAC	O1_L000_R1_001.fastq.gz	O1_L000_R2_001.fastq.gz	RMG2	1241d66d5d4ecd0f853121fce551622f	5d4ccdf8465085e8e49557dca46ebce1
A3	AGTTCAGGTCTGTTGG	A3_L000_R1_001.fastq.gz	A3_L000_R2_001.fastq.gz	K562	44fd68a08e269ebe88ea74feb7012948	f10df344540c57e8f2f57ae938fd1bac
C3	GACCTGAACTCACCAA	C3_L000_R1_001.fastq.gz	C3_L000_R2_001.fastq.gz	RMG2	90a18819cd3b5002282f135af40234f4	eb5d6465e7c3d8178b2d4450d195739c
E3	TCTCTACTGAACCGCG	E3_L000_R1_001.fastq.gz	E3_L000_R2_001.fastq.gz	HEK293T	a6d8fa17eb985837f4cfe01fdb6e90e3	03eeaf7eab39b7939d75fc97781f1d7c
G3	CTCTCGTCAGGTTATA	G3_L000_R1_001.fastq.gz	G3_L000_R2_001.fastq.gz	HEK293T	dec95e1c87b80f1535d11745dda87057	4c47d0865beffb099c009131ca6f9f61
I3	CCAAGTCTTCATCCTT	I3_L000_R1_001.fastq.gz	I3_L000_R2_001.fastq.gz	HEK293T	c405a1295ce17a8dc3f04995e34769e5	29c7e6747cbd94cb53401e159df5c344
K3	TTGGACTCCTGCTTCC	K3_L000_R1_001.fastq.gz	K3_L000_R2_001.fastq.gz	K562	e02ba1f96605084464992d62472ff54b	776d197e101aba8c50d62223e76ef32f
M3	GGCTTAAGGGTCACGA	M3_L000_R1_001.fastq.gz	M3_L000_R2_001.fastq.gz	RMG2	715ef6ceaee794436246729d8fb80a77	ca12f2e7547c08244e8724ba2ab5c026
O3	AATCCGGAAACTGTAG	O3_L000_R1_001.fastq.gz	O3_L000_R2_001.fastq.gz	RMG2	0b1932412e0c5d191d1bbba178e117ac	29822e3b4ca60e11edc7e9e55e3d4c63
A5	TAATACAGGTGAATAT	A5_L000_R1_001.fastq.gz	A5_L000_R2_001.fastq.gz	K562	79e02fa05274399355a7ba6ae57382dd	9cc79b2147824ed97d104f4b28930ce7
C5	CGGCGTGAACAGGCGC	C5_L000_R1_001.fastq.gz	C5_L000_R2_001.fastq.gz	RMG2	4883e5f0a49902c175e0906060ffc936	71f7cd31b23640559ebfa66c698df648
E5	ATGTAAGTCATAGAGT	E5_L000_R1_001.fastq.gz	E5_L000_R2_001.fastq.gz	HEK293T	c378bc39af9c3ae5bd1dc85d6d9d5137	4072317e5871999a2a503bf6a4006c38
G5	GCACGGACTGCGAGAC	G5_L000_R1_001.fastq.gz	G5_L000_R2_001.fastq.gz	HEK293T	80db5b208bdebf553eaddb292e02fa0f	f4f71f6445539d7d3ef6a19c412ea59b
I5	GGTACCTTGACGTCTT	I5_L000_R1_001.fastq.gz	I5_L000_R2_001.fastq.gz	HEK293T	6d3efeacce02f1b1a3db7cf2823041ad	28ef7242a1d93ffd8886bfca17698dd7
K5	AACGTTCCAGTACTCC	K5_L000_R1_001.fastq.gz	K5_L000_R2_001.fastq.gz	K562	1d6494e055402353ec1d64ac516ce3ab	7629115189d40b7fcf0d669a61c94dcc
M5	GCAGAATTTGGCCGGT	M5_L000_R1_001.fastq.gz	M5_L000_R2_001.fastq.gz	RMG2	478b5ce6b52af25ad79ef59200ff96ee	bf74e98e3d7c1d45fe0fd98e5b5bde55
O5	ATGAGGCCCAATTAAC	O5_L000_R1_001.fastq.gz	O5_L000_R2_001.fastq.gz	RMG2	7bd42d0511d56c8d683790dbc817f041	0a93e411353a5a48a8b1adfdb12deab6
A7	ACTAAGATCCGCGGTT	A7_L000_R1_001.fastq.gz	A7_L000_R2_001.fastq.gz	K562	7c3b61918cd220a0e9d72516656d576e	16bf17b5e34ca3c56d8ee3e4e6dab6b0
C7	GGCGGAGCTTATAACC	C7_L000_R1_001.fastq.gz	C7_L000_R2_001.fastq.gz	RMG2	2d37d6cac39d0cf75d674be6b034aba4	adbe8be0994f2962f7b4993d3b7d5782
E7	CTTGGTATGGACTTGG	E7_L000_R1_001.fastq.gz	E7_L000_R2_001.fastq.gz	HEK293T	cb29c62ac5426b03b3f52518d0e50f46	e2f64286da9e360ee6ee59d30ffec010
G7	TCCAACGCAAGTCCAA	G7_L000_R1_001.fastq.gz	G7_L000_R2_001.fastq.gz	pos_control	6434bb211124298c82db8faec9cfa563	55960b143f626c750bae1c7a8a7e0bed
I7	CCGTGAAGATCCACTG	I7_L000_R1_001.fastq.gz	I7_L000_R2_001.fastq.gz	neg_control	fee1fc9247ad033e6f2174e54c7bea71	38a445f647ff453b3ef155ffdb04ccc3
K7	TTACAGGAGCTTGTCA	K7_L000_R1_001.fastq.gz	K7_L000_R2_001.fastq.gz	K562	e9014bca282c6b1874e68a0b35d83454	24b7d358696b271900e1ccda6dce576e
M7	GGCATTCTCAAGCTAG	M7_L000_R1_001.fastq.gz	M7_L000_R2_001.fastq.gz	RMG2	45e792bcf81aa89005d277d31140a128	d8216d68ad49b137c39d94e429c54b53
O7	AATGCCTCTGGATCGA	O7_L000_R1_001.fastq.gz	O7_L000_R2_001.fastq.gz	RMG2	99836c0d9d0aca74a3131043f474a567	c514f98900de36f5923ea52cc21351f1
A9	TACCGAGGAGTTCAGG	A9_L000_R1_001.fastq.gz	A9_L000_R2_001.fastq.gz	K562	dad923e416fd38f4271311d5722a256f	5c43d863fb04a103ebd3c8b6c33f97ba
C9	CGTTAGAAGACCTGAA	C9_L000_R1_001.fastq.gz	C9_L000_R2_001.fastq.gz	RMG2	a412e49117de87a8a7070832737128ab	86e874994d627e15cd882b083d98ba99
E9	AGCCTCATTCTCTACT	E9_L000_R1_001.fastq.gz	E9_L000_R2_001.fastq.gz	HEK293T	838ef752d6a857ac9f24f80d4a4369ff	d6344540f0a7a5bd10ae7902c5404021
G9	GATTCTGCCTCTCGTC	G9_L000_R1_001.fastq.gz	G9_L000_R2_001.fastq.gz	HEK293T	00b0813ea01fac3694b1577ace15a6fc	fd164a071fd67b1d87e581ebaaf9c156
I9	TCGTAGTGCCAAGTCT	I9_L000_R1_001.fastq.gz	I9_L000_R2_001.fastq.gz	HEK293T	f69f36ce262d94fc1f99a0488a7b7235	4e8ed8e6f128a26115349a1aeeab3adf
K9	CTACGACATTGGACTC	K9_L000_R1_001.fastq.gz	K9_L000_R2_001.fastq.gz	K562	6602f176ec6d21456fafdbd651b30324	b0b3d27cdf606810d3a6581cc443d0a2
M9	TAAGTGGTGGCTTAAG	M9_L000_R1_001.fastq.gz	M9_L000_R2_001.fastq.gz	RMG2	725074588d22fce420070bbdc1eddae0	bfe858123f0010c502ab6e18fd39b142
O9	CGGACAACAATCCGGA	O9_L000_R1_001.fastq.gz	O9_L000_R2_001.fastq.gz	RMG2	94ccfcbfb9b8d5a6c0ba0b29f72bf38e	56bd53dc1678d65b27cff72f4e04b248
A11	ATATGGATTAATACAG	A11_L000_R1_001.fastq.gz	A11_L000_R2_001.fastq.gz	K562	a2d63bae44cbb2c9547393dd2a004b86	c5851da6830fb3f3017a88fdaa1d69f4
C11	GCGCAAGCCGGCGTGA	C11_L000_R1_001.fastq.gz	C11_L000_R2_001.fastq.gz	RMG2	826c34167601544898f9901ec3a79e78	d0794e107677dce9a86e76f141e9fe2e
E11	AAGATACTATGTAAGT	E11_L000_R1_001.fastq.gz	E11_L000_R2_001.fastq.gz	HEK293T	502a241a41dbe2f3aa0444be890a45e0	5f43ba58c2f0e0c859d4c8f279ef4436
G11	GGAGCGTCGCACGGAC	G11_L000_R1_001.fastq.gz	G11_L000_R2_001.fastq.gz	HEK293T	5b72fd6511e965af5f37819b5fe039f9	e1e2e2eb68263fa123f30279cc95be32
I11	ATGGCATGGGTACCTT	I11_L000_R1_001.fastq.gz	I11_L000_R2_001.fastq.gz	HEK293T	79b334f9335e52abac6c23946a9de456	ac0465b2e90376b2433f25f4a2f50343
K11	GCAATGCAAACGTTCC	K11_L000_R1_001.fastq.gz	K11_L000_R2_001.fastq.gz	K562	7860959c8cebc04a441bc115faa33f42	756d51acd074e512b6bc7c4f5b4474e7
M11	GTTCCAATGCAGAATT	M11_L000_R1_001.fastq.gz	M11_L000_R2_001.fastq.gz	RMG2	65ef4dd4bacd77724f266b2ee5e3feeb	45ae899d076c616c964519f265174d4c
O11	ACCTTGGCATGAGGCC	O11_L000_R1_001.fastq.gz	O11_L000_R2_001.fastq.gz	RMG2	0de48b3e01a96754a9d0e0d7693f664a	bf3af2f1f2ee1269b78fcdab6c629aad
A13	ATATCTCGACTAAGAT	A13_L000_R1_001.fastq.gz	A13_L000_R2_001.fastq.gz	K562	f967fa88ed34f1b6c92850be8610b331	861aba2b5e508bf55b394f8797efe8be
C13	GCGCTCTAGTCGGAGC	C13_L000_R1_001.fastq.gz	C13_L000_R2_001.fastq.gz	RMG2	833707813dc0c36a01265275b60ae44a	582d0731ef55fff68781107bddde934f
E13	AACAGGTTCTTGGTAT	E13_L000_R1_001.fastq.gz	E13_L000_R2_001.fastq.gz	HEK293T	55eb3e66bb3bf66a59b12c9d2deb385f	5a1036102f3a32815c363759fed5d02f
G13	GGTGAACCTCCAACGC	G13_L000_R1_001.fastq.gz	G13_L000_R2_001.fastq.gz	HEK293T	1fae4f8d9872dbb6cd804fe88887687c	c5dc321c38f98ee91e35f787a2062b26
I13	CAACAATGCCGTGAAG	I13_L000_R1_001.fastq.gz	I13_L000_R2_001.fastq.gz	HEK293T	b1f2fcf37c33a2811d7f38d3e08892c1	e7726ba2d0ecbaaeedc362be5a46689a
K13	TGGTGGCATTACAGGA	K13_L000_R1_001.fastq.gz	K13_L000_R2_001.fastq.gz	K562	68c62ac3f27e3d97eca5c173f872f28d	3029288165e62b61b8fa6308be0e3149
M13	AGGCAGAGAGCATTCT	M13_L000_R1_001.fastq.gz	M13_L000_R2_001.fastq.gz	RMG2	84d30ab3e981c5373d5cce5c176c272c	ebf21f4ba001513a3fea635963ba9d9d
O13	GAATGAGAAATGCCTC	O13_L000_R1_001.fastq.gz	O13_L000_R2_001.fastq.gz	RMG2	cf18a76798161c2eabad3ff5b026c5f7	48cc1137b827ad163683e55f997b40ca
A15	TGCGGCGTTACCGAGG	A15_L000_R1_001.fastq.gz	A15_L000_R2_001.fastq.gz	K562	49ffb99a6e4cbfaa79f9d577db781140	f2fd81dc7d6c44db55d9904265658de4
C15	CATAATACCGTTAGAA	C15_L000_R1_001.fastq.gz	C15_L000_R2_001.fastq.gz	RMG2	c37360678ff289046248f6fbd01e5b53	be3efb0c99dfca5f0abe9656e7b61dcc
E15	GATCTATCAGCCTCAT	E15_L000_R1_001.fastq.gz	E15_L000_R2_001.fastq.gz	HEK293T	36add0e314a7a68e478fc7da14368e63	37334ee8b76522a6cb81aafbedba2f5d
G15	ACCTCGCTGATTCTGC	G15_L000_R1_001.fastq.gz	G15_L000_R2_001.fastq.gz	HEK293T	c50632598169dd6b8d467d66583e2b55	5a062526f64b3c2e63db4894f0603b07
I15	CGGAACTGTCGTAGTG	I15_L000_R1_001.fastq.gz	I15_L000_R2_001.fastq.gz	HEK293T	f463dc6a33fb3bc0e51d792df7df76ca	84da83f20285c99ac6a052638b6e64fa
K15	TAAGGTCACTACGACA	K15_L000_R1_001.fastq.gz	K15_L000_R2_001.fastq.gz	K562	a5f9984e689d83540cb1b31514d00aee	a79ecc01689456a2a13f04fb16697f8a
M15	TTGCCTAGTAAGTGGT	M15_L000_R1_001.fastq.gz	M15_L000_R2_001.fastq.gz	RMG2	cd6cbf63856e24c180cb3346927c76e7	266a08d1368ced9a668455173ad649bc
O15	CCATTCGACGGACAAC	O15_L000_R1_001.fastq.gz	O15_L000_R2_001.fastq.gz	RMG2	b5899f388fcd36ef2bbe002824136c6d	a403c45ff118929da7547c7c8af40f1a
A17	ACACTAAGATATGGAT	A17_L000_R1_001.fastq.gz	A17_L000_R2_001.fastq.gz	K562	f9b7d398e79d0c74188f2e9ad0e376ce	094a080de7e9ee8fa0cb44e4ee14739e
C17	GTGTCGGAGCGCAAGC	C17_L000_R1_001.fastq.gz	C17_L000_R2_001.fastq.gz	RMG2	27f15737676e0cb9d8c8d0d401bd5d7a	3e862b8a256824ce5044cbcc0ea8a1ff
E17	TTCCTGTTAAGATACT	E17_L000_R1_001.fastq.gz	E17_L000_R2_001.fastq.gz	HEK293T	84fb71f184bd139874b0bdf44d83387d	33a15258b32ef4de86894b9f69e5bb5c
G17	CCTTCACCGGAGCGTC	G17_L000_R1_001.fastq.gz	G17_L000_R2_001.fastq.gz	HEK293T	35890d599f7fd9e92955455dc3998141	500035c8d5b760b151281a39b6a0ce0d
I17	GCCACAGGATGGCATG	I17_L000_R1_001.fastq.gz	I17_L000_R2_001.fastq.gz	HEK293T	a877dd294609bd79f0614da2974c04e2	38a097091435317c937c8b000cfd63f5
K17	ATTGTGAAGCAATGCA	K17_L000_R1_001.fastq.gz	K17_L000_R2_001.fastq.gz	K562	bc1455cd5a3d0e3c664a37035999afbe	1cc211ff6053816aec23f611e28e103b
M17	ACTCGTGTGTTCCAAT	M17_L000_R1_001.fastq.gz	M17_L000_R2_001.fastq.gz	RMG2	910f1431424dc80c478a27bee46cce6c	42b5f1ecbaec15c250478f957eb77862
O17	GTCTACACACCTTGGC	O17_L000_R1_001.fastq.gz	O17_L000_R2_001.fastq.gz	RMG2	03962802eda1b63eb66cdcb73d655d88	78ef1032259c55d832f2da13ac962806
A19	CAATTAACATATCTCG	A19_L000_R1_001.fastq.gz	A19_L000_R2_001.fastq.gz	K562	63b998f1520b07a6c361e8b7ff8820fa	996fcc77d5b0eb33e216fc09d121f9ea
C19	TGGCCGGTGCGCTCTA	C19_L000_R1_001.fastq.gz	C19_L000_R2_001.fastq.gz	RMG2	b716b2330f8b9ad283a1dcc7d318ad55	f6048ecbeab9d030231e74c810e33436
E19	AGTACTCCAACAGGTT	E19_L000_R1_001.fastq.gz	E19_L000_R2_001.fastq.gz	HEK293T	d76ab0d5646455e09680f6c65a9cf750	a5c5148a69a8371ce214ec14b61197d9
G19	GACGTCTTGGTGAACC	G19_L000_R1_001.fastq.gz	G19_L000_R2_001.fastq.gz	HEK293T	ab0a21eeed3f754baf7a51a2317a1ec8	139fa6f6e8ba3bcaac347e29012cfa63
I19	TGCGAGACCAACAATG	I19_L000_R1_001.fastq.gz	I19_L000_R2_001.fastq.gz	HEK293T	d29e22e681d02c48697b7e77139886f0	e64f9f69992c2824e0256382d1065347
K19	CATAGAGTTGGTGGCA	K19_L000_R1_001.fastq.gz	K19_L000_R2_001.fastq.gz	K562	caf0c65608a4e06259acb91b0cd1d857	90fbbef82d8cbdd3ce1f55f7570b48fd
M19	ACAGGCGCAGGCAGAG	M19_L000_R1_001.fastq.gz	M19_L000_R2_001.fastq.gz	RMG2	bf1d6e4890f75286cd389b74d35da7c2	f5041a61081266a68fb930ff427217a1
O19	GTGAATATGAATGAGA	O19_L000_R1_001.fastq.gz	O19_L000_R2_001.fastq.gz	RMG2	dc664dfc9f6cf5e08885fc08da2df622	0613b7142c0cd65f71597768bbd2e432
A21	AACTGTAGTGCGGCGT	A21_L000_R1_001.fastq.gz	A21_L000_R2_001.fastq.gz	K562	d5d276b418782a35ba3ba5227a60f334	1c27ef54751b849efa2bdfab3a4e88a9
C21	GGTCACGACATAATAC	C21_L000_R1_001.fastq.gz	C21_L000_R2_001.fastq.gz	RMG2	d17968888b8d4d39eaae3597ea5ebabc	5a30998a9c36973b9dbabe9b1ec8106b
E21	CTGCTTCCGATCTATC	E21_L000_R1_001.fastq.gz	E21_L000_R2_001.fastq.gz	HEK293T	6dc50307e7937a951965a3ff8b8b02fb	1bcc493a8af70500e5b50939cb2d7f33
G21	TCATCCTTAGCTCGCT	G21_L000_R1_001.fastq.gz	G21_L000_R2_001.fastq.gz	HEK293T	3970066c52cc228bf08738c61925f23c	ad0518128b8af0035cba6c05fd4973c7
I21	AGGTTATACGGAACTG	I21_L000_R1_001.fastq.gz	I21_L000_R2_001.fastq.gz	HEK293T	11b14cc0e46e7870cd3f70eaa3eaac6b	63a448ded431476ac5ed5d5fc70c6e50
K21	GAACCGCGGAAGGTCA	K21_L000_R1_001.fastq.gz	K21_L000_R2_001.fastq.gz	K562	a7bb51ee2dd462a86d8f1033f395e47b	032db2404b4d55fb1e71042a1a73c546
M21	CTCACCAATTGCCTAG	M21_L000_R1_001.fastq.gz	M21_L000_R2_001.fastq.gz	RMG2	c65a27b43698b717b6fcd6bf15eedf0d	bd3011f97fb54111d53b24883ad72ec2
O21	TCTGTTGGCCATTCGA	O21_L000_R1_001.fastq.gz	O21_L000_R2_001.fastq.gz	RMG2	466a85d9a6348066d8d95e4ad020a6a7	b45d928b268da42b3fd48472ce94913a
A23	TATCGCACACACTAAG	A23_L000_R1_001.fastq.gz	A23_L000_R2_001.fastq.gz	K562	2460e57da6cb4b9ccf1deb759f3aab9a	1b40d7d5006dee1bc1210dd2fd57a108
C23	CGCTATGTGTGTCGGA	C23_L000_R1_001.fastq.gz	C23_L000_R2_001.fastq.gz	RMG2	6b1b67263feb15da01210083e30e1b4c	0f238becbb0c962cffa2715e56371c7c
E23	GTATGTTCTTCCTGTT	E23_L000_R1_001.fastq.gz	E23_L000_R2_001.fastq.gz	HEK293T	405d68115468db6cbffad0fbec3f7f7e	dbbbdeb2513818b04a5e1cc7589806bd
G23	ACGCACCTCCTTCACC	G23_L000_R1_001.fastq.gz	G23_L000_R2_001.fastq.gz	HEK293T	d98f738c0e04346fc907705f2463d32f	bc9917c0018d779d961c119a9535840c
I23	TACTCATAGCCACAGG	I23_L000_R1_001.fastq.gz	I23_L000_R2_001.fastq.gz	HEK293T	8393f1f42ecf5f5cdf7f6e00f9454b3b	4d12a9379ed98992f262e0d646c402f2
K23	CGTCTGCGATTGTGAA	K23_L000_R1_001.fastq.gz	K23_L000_R2_001.fastq.gz	K562	63270da0dd3eacfd36eaea987419bac2	ffa70f10f5cb976572b9ec642d29a8de
M23	TCGATATCACTCGTGT	M23_L000_R1_001.fastq.gz	M23_L000_R2_001.fastq.gz	RMG2	fbb8f36267f5425c2055f355590593ec	b8bbaad8313680c12714e9b63c9f973e
O23	CTAGCTCTGTCTATAC	O23_L000_R1_001.fastq.gz	O23_L000_R2_001.fastq.gz	RMG2	cdedc12fef68a0c44d3042557a8fac33	eafd0a62e4d71916d09066a95325fc62
A2	AAGGAGCGCAATAGTC	A2_L000_R1_001.fastq.gz	A2_L000_R2_001.fastq.gz	K562	accbc0bde6b802548271a64ac8682b99	85c8a95600505371e03be6c4ac349cef
C2	GTCATCTAAGAACCGC	C2_L000_R1_001.fastq.gz	C2_L000_R2_001.fastq.gz	RMG2	d21864e8bace47bb1cbcec2a0e5b1c7c	62719a27442e97b3ee5a88131494c949
E2	CTTCATGGTGGCAATG	E2_L000_R1_001.fastq.gz	E2_L000_R2_001.fastq.gz	HEK293T	989e009c3cf0c26f7a283dbb7bfb9843	8e54337e7c2431cb1b2569f1b5c1207d
G2	TTAAGCGTTTGCATGC	G2_L000_R1_001.fastq.gz	G2_L000_R2_001.fastq.gz	HEK293T	ee949a89d7879aaa1528852f7a7a5a1f	e1ed08d9e943f35f378a2611d6420c7c
I2	GGTAGTTGATGGTCCA	I2_L000_R1_001.fastq.gz	I2_L000_R2_001.fastq.gz	HEK293T	237f1e4de42f5abbe2ef15612dfe13d5	a29905aca325fb354b02da36da077b35
K2	ACTATATAGGAGCCAA	K2_L000_R1_001.fastq.gz	K2_L000_R2_001.fastq.gz	K562	33dda0a17e26f38bf7be1e998ee70aba	8c56774a9003b96bf83e1eec88c89ccf
M2	ACGGAGGAGACTAACC	M2_L000_R1_001.fastq.gz	M2_L000_R2_001.fastq.gz	RMG2	a1bd55ea90c93f888488417feb75c184	d5f3665907ef1403eb42f3c3b50e5128
O2	GACTGCGGTGAAGGAT	O2_L000_R1_001.fastq.gz	O2_L000_R2_001.fastq.gz	RMG2	6a3b4fc62f0ca512de801eeccf259fb5	a6ecc1cef2a0b8e37cb836217454b78c
A4	GGCAGGACTTAGGCGG	A4_L000_R1_001.fastq.gz	A4_L000_R2_001.fastq.gz	K562	f75da140948d8a5825ff158449d331ad	02eb3177caf77f14d00bf115a9e9ad21
C4	AACCGCCACAAGTTGA	C4_L000_R1_001.fastq.gz	C4_L000_R2_001.fastq.gz	RMG2	d134b015d6868c799e95968a5c6d67c8	f2d2571e2c3e8ede57169426272c649f
E4	TATCGGCTCATCTCGT	E4_L000_R1_001.fastq.gz	E4_L000_R2_001.fastq.gz	HEK293T	b7d5a8866e9670c3dc3faeca45bfaff0	3569f054865159fdd75fb4ced2ccad36
G4	TCAGATTCTACTAAGT	G4_L000_R1_001.fastq.gz	G4_L000_R2_001.fastq.gz	HEK293T	0ca2086b69a9d78dc403b3eded179834	24f47c0ffb3644281ba49e33210974af
I4	ACTGCTCTTGCAGTTG	I4_L000_R1_001.fastq.gz	I4_L000_R2_001.fastq.gz	HEK293T	27d1a0303e1cbcedde1fb377176ca2a8	b884620e12888d60b4ad40b5bd478435
K4	ATATATACCCTCTAGA	K4_L000_R1_001.fastq.gz	K4_L000_R2_001.fastq.gz	K562	c9d576407adc796589f8f9a712004741	1e01a1421cf235f72ad6025722ef6e5f
M4	CAGTCGATTTCAGCAG	M4_L000_R1_001.fastq.gz	M4_L000_R2_001.fastq.gz	RMG2	3bf135084a0eb2f6a890d00ca50a2d8e	d6a2a5cf44880bc22c0067243be7be90
O4	GAGCATACTCTAGGTT	O4_L000_R1_001.fastq.gz	O4_L000_R2_001.fastq.gz	RMG2	611db4216d3579e2eea68c1094d32681	27335da21f0916a36002fcbcc94cf620
A6	TGAATGGCGGACGCGT	A6_L000_R1_001.fastq.gz	A6_L000_R2_001.fastq.gz	K562	a42906adb3f1400a53832eac22a4b0cc	e13012e6fd2984dc60ecab8eae0a4411
C6	TATATTGACAATGCTA	C6_L000_R1_001.fastq.gz	C6_L000_R2_001.fastq.gz	RMG2	a6150c27fa51ad706519fab8c62d91e5	21cd601c52713e61a058d0def3561a18
E6	ACCGCTACCTCGCAAG	E6_L000_R1_001.fastq.gz	E6_L000_R2_001.fastq.gz	HEK293T	53ed9c2a4f3a3d7facb6af1755a737a1	979893af26a487a55256e11fbe7ebb4f
G6	GTCAAGAGGCGTACTT	G6_L000_R1_001.fastq.gz	G6_L000_R2_001.fastq.gz	HEK293T	17c61ab0662c1255f005ef5c3a17e430	c9f963bfab366ae12c4f04d9d40e105f
I6	ACGCGAGATTAGTTGC	I6_L000_R1_001.fastq.gz	I6_L000_R2_001.fastq.gz	HEK293T	912212b07bcf05059e5188d119d96044	d8f9aba9149afe35980dbd4c0740c440
K6	CCTCTCATGAACTAGT	K6_L000_R1_001.fastq.gz	K6_L000_R2_001.fastq.gz	K562	1204180c50bb09b721a4d67bfa0e3a90	0d31451abc81b96ff64048779146d68c
M6	GAGTCGTCTGCCTACG	M6_L000_R1_001.fastq.gz	M6_L000_R2_001.fastq.gz	RMG2	b7148dcb9532cc2d8bd0949734ac46a2	967616259409747fd6e8ee4685c3d0fb
O6	ATACTATAATACCGCC	O6_L000_R1_001.fastq.gz	O6_L000_R2_001.fastq.gz	RMG2	ba4a50ee1c9166949ca1ad5f71b7788a	cd2053b0427719b24ab163e422424c81
A8	CCTGCCAAAGTTGCTG	A8_L000_R1_001.fastq.gz	A8_L000_R2_001.fastq.gz	K562	b78e8b23c97eaed1dcb97984056aa745	c92918ab0901bc7085c38a748709367d
C8	AGTTATGCAAGTAATC	C8_L000_R1_001.fastq.gz	C8_L000_R2_001.fastq.gz	RMG2	dd43ddfe7f43dc1ff505b0e0d76b20d8	ee5887d0c7999934992bc851e4d74e2a
E8	GCGTACGGTGCAAGGA	E8_L000_R1_001.fastq.gz	E8_L000_R2_001.fastq.gz	HEK293T	31e3cb1eb3d5fe1852e4980e7f91bbbf	7c9b028e798bc4e15231d875ea368624
G8	TTCATACGCGTTGGTT	G8_L000_R1_001.fastq.gz	G8_L000_R2_001.fastq.gz	HEK293T	51e29205c9e4b6be415a739e97b5f717	c9633fef6bb5c24889c4c73ee866bb59
I8	AAGAAGACCTGCCGGC	I8_L000_R1_001.fastq.gz	I8_L000_R2_001.fastq.gz	HEK293T	1aea8dfae34b6b5226253ac9efcd6521	4441be21e1937d331f2f60c2a53b0607
K8	GCAAGATCTGGATTCG	K8_L000_R1_001.fastq.gz	K8_L000_R2_001.fastq.gz	K562	03ca8ba74a681041d35ccb8bf22bbebd	549e99b585d2cae1954ecf19d71fdf52
M8	AACGCCATGTACTCCA	M8_L000_R1_001.fastq.gz	M8_L000_R2_001.fastq.gz	RMG2	8543c47c12ce21437c4016d489b422aa	84084de204b19d37699192b4106805f6
O8	CAAGTACTCATCAAGC	O8_L000_R1_001.fastq.gz	O8_L000_R2_001.fastq.gz	RMG2	4fcadda0cdbbac6b454d13db5f152405	c4f3f1e5424e49a381b25133455e98fe
A10	AGCGGCAACTGGTTGG	A10_L000_R1_001.fastq.gz	A10_L000_R2_001.fastq.gz	K562	9c5043752f88315f692e3bcc37258b68	4082cfc435359dead6a53b20979f6c3d
C10	TTCCAAGCTCAACGGT	C10_L000_R1_001.fastq.gz	C10_L000_R2_001.fastq.gz	RMG2	639b0afdfc45882ba828405eaf67b735	ea2015f27af266bd612822805caf036e
E10	CTATTCATGACTAGTT	E10_L000_R1_001.fastq.gz	E10_L000_R2_001.fastq.gz	HEK293T	1199f81e4a23b0feb1b158fba257edd5	9ce2375fd5c0d69f705abd583a4192b3
G10	AAGCAATACGTTACTC	G10_L000_R1_001.fastq.gz	G10_L000_R2_001.fastq.gz	HEK293T	48812836e6bb98bcc3324c55488ed925	a3e7feeee794f870298f0a725ab1daa0
I10	GTTCTACGGCGACTAG	I10_L000_R1_001.fastq.gz	I10_L000_R2_001.fastq.gz	HEK293T	1a4d84f38b597d42234dd40b90a8a676	a064de2b4527946d578292caa6e90729
K10	AGAATCTCATCTGACC	K10_L000_R1_001.fastq.gz	K10_L000_R2_001.fastq.gz	K562	e5561967215dd9cd0a25ce2c130f5235	30ce7f6cc0d6e3aacb3ae8bc75d15edb
M10	CGGTCCGTCGTCTATT	M10_L000_R1_001.fastq.gz	M10_L000_R2_001.fastq.gz	RMG2	b94891ab7c0e1e8ed0fc473ae5be1fed	a5282bc7ba99b56c16b3ccd7a69194f0
O10	GGAACGGTTCGAGTAC	O10_L000_R1_001.fastq.gz	O10_L000_R2_001.fastq.gz	RMG2	9ddb1dd11718dc593c9ce29df1a0c909	bba696295e02b873a16864099c942456
A12	CTCTACTTCCGCTAAC	A12_L000_R1_001.fastq.gz	A12_L000_R2_001.fastq.gz	K562	ee5c67a070e9ec164b2179e68e988c82	612070f1e103d720d05183a46befd992
C12	ACGCTGCACATTAACG	C12_L000_R1_001.fastq.gz	C12_L000_R2_001.fastq.gz	RMG2	0dda7edd771f3ae594cd9bbf2183041a	45cf8b14e01ef83848e5dcb490df2fc0
E12	AAGGATTCGAGACGGT	E12_L000_R1_001.fastq.gz	E12_L000_R2_001.fastq.gz	HEK293T	6ed86ddc0ac3dc3db7c5fa947c736864	0170153a795f6986a6564ee533fae3dc
G12	TGATCTCAAAGGTCTG	G12_L000_R1_001.fastq.gz	G12_L000_R2_001.fastq.gz	HEK293T	f01a71c562da420452d7c4d9bc033793	0920d8d536051dcacfdc17635364450b
I12	GGAGTATGGCGGCAAG	I12_L000_R1_001.fastq.gz	I12_L000_R2_001.fastq.gz	HEK293T	35fe1cd6246a8e56b68ea27f94cb270f	0a74c465b67fabc4941938c60ba025d4
K12	CAGCGGACAGATACTA	K12_L000_R1_001.fastq.gz	K12_L000_R2_001.fastq.gz	K562	f530bb9b611259c9a891217950339027	0ec810d2ab9db8750b1bd7c9150d985b
M12	GCGCCTTCTTGAGTCA	M12_L000_R1_001.fastq.gz	M12_L000_R2_001.fastq.gz	RMG2	717bb392891931e4ec641f03e09651a7	1e60f5ccb194a90071c5f555b52a459c
O12	ATATCCGCGTCAACCA	O12_L000_R1_001.fastq.gz	O12_L000_R2_001.fastq.gz	RMG2	e42459c84f2ab51b6cf8cbecf12269c3	046c847794292863f4e8511bf6fae35f
A14	GAGGAGTAAATATTCG	A14_L000_R1_001.fastq.gz	A14_L000_R2_001.fastq.gz	K562	2e526c5d341b44a46db3536b512bd25f	43772d2ed0c4c2049af210b00227606c
C14	TGACGAACCTCATATT	C14_L000_R1_001.fastq.gz	C14_L000_R2_001.fastq.gz	RMG2	420527d16ab3d8fe2c9928fa5545d81b	74569524496a210196f39d1b538ae15f
E14	AACTTGATCGATATCC	E14_L000_R1_001.fastq.gz	E14_L000_R2_001.fastq.gz	HEK293T	3856dee516a79008f35b7ae3ff0934ae	30472f26c7c3f0c8364c00fe843c7026
G14	CTTGAGTCCCGCAACG	G14_L000_R1_001.fastq.gz	G14_L000_R2_001.fastq.gz	HEK293T	b85d32a5d158feb07012ba45ba1501d1	580414aaf0f603986c55d0a550643ffe
I14	TCCTAGGTAAGAGTTG	I14_L000_R1_001.fastq.gz	I14_L000_R2_001.fastq.gz	HEK293T	b3698142c616c9adf38afc9da526202f	fb8b53444de83f324222bdb36554345d
K14	CCATCTTACCTAACTA	K14_L000_R1_001.fastq.gz	K14_L000_R2_001.fastq.gz	K562	d6a5292fb8980f0670716515f1b9c8e3	9ded59679d0815b9f86a97bdee8f66c3
M14	AAGTTGGAAACGCGGT	M14_L000_R1_001.fastq.gz	M14_L000_R2_001.fastq.gz	RMG2	2181142d4c8c190c8e1a6bd3f50eba42	a88442ee61824352b4910baca04a1791
O14	GGCCGTTCCCTGCTCA	O14_L000_R1_001.fastq.gz	O14_L000_R2_001.fastq.gz	RMG2	48e7a1eeb24d910eee2736c0855e06a0	82c8c607fd2e78da54ea7c56d3ef5c89
A16	TAACTAGCACCTGCTT	A16_L000_R1_001.fastq.gz	A16_L000_R2_001.fastq.gz	K562	800251677b6a85845a9b5d595997bbf2	f6d4b74a7e42d8a6b5764b7faf71728e
C16	CAACGCAAATCATCCT	C16_L000_R1_001.fastq.gz	C16_L000_R2_001.fastq.gz	RMG2	a301349e7c18699c575d7f374b7b2b02	1163ff2cd4c96fc3935f2891d3ad69db
E16	AGGCTTCTCCTATTAG	E16_L000_R1_001.fastq.gz	E16_L000_R2_001.fastq.gz	HEK293T	0dfa8394c4262ed7d82c125f01832d10	05e215d95e2735a7114f4231ac38b443
G16	GAGGACCTTCGCTAGG	G16_L000_R1_001.fastq.gz	G16_L000_R2_001.fastq.gz	HEK293T	c104c83b1d7d9606f4212e96d624a363	b9183b723ed3febcfb2235a912614f2f
I16	ACCTTATTGAGAGGCA	I16_L000_R1_001.fastq.gz	I16_L000_R2_001.fastq.gz	HEK293T	bdc206b1cb3231791b3462cedb439e44	376e44956292233032d6e57efc7c39c7
K16	GGCGTTGCCCGGTTCT	K16_L000_R1_001.fastq.gz	K16_L000_R2_001.fastq.gz	K562	0c5004cb02a4dadfdad462f3e910b676	0d4ad6cf477d5d51bac7e0e7efd6f25b
M16	TGCTAACGAGAAGTAA	M16_L000_R1_001.fastq.gz	M16_L000_R2_001.fastq.gz	RMG2	a0af08042f04082d0d9db4b9eec303e8	0994be8d093412421af29b4f44bf4866
O16	CCAACGTTCTAACCGG	O16_L000_R1_001.fastq.gz	O16_L000_R2_001.fastq.gz	RMG2	191dc8ee95333995934abca14ca8cb69	429b54ed7ef7662f9565718c9f94db73
A18	GGCAGCCGTGGTATAC	A18_L000_R1_001.fastq.gz	A18_L000_R2_001.fastq.gz	K562	3958deb54aafda6ad2a2a0d3af3a95a0	a814cdeac9eae1e52dc1e6bde5ac6b6e
C18	TAGGCCGTGACCGTCG	C18_L000_R1_001.fastq.gz	C18_L000_R2_001.fastq.gz	RMG2	e927f72879a7091aa766ff6f2f5df073	99bea20fad84205e0766b10e3c7e25ee
E18	CGTATTGCATTCTACC	E18_L000_R1_001.fastq.gz	E18_L000_R2_001.fastq.gz	HEK293T	d5b1c494bda45bb080e95523bb490e4a	f0bb4295abf4f92bd2e35f8441e17458
G18	GATGATAAGCCTTGCT	G18_L000_R1_001.fastq.gz	G18_L000_R2_001.fastq.gz	HEK293T	423c6dca016b30e239146b0ceee76bef	de85b5781c2d78f8068d77c42e75ef17
I18	AAGTCATTGCCTGAAC	I18_L000_R1_001.fastq.gz	I18_L000_R2_001.fastq.gz	HEK293T	60f5f971e6a5ddda7890cab5ab41c6d7	8c5e4e0f66c964514efea84e11c55b93
K18	CAGTTGCCGTTCGGTT	K18_L000_R1_001.fastq.gz	K18_L000_R2_001.fastq.gz	K562	a5865cae0e2f1023988425fdab8d4238	cda3687fde6e5f27e3741acec9e36b90
M18	AAGGTAAGCTGCTGAA	M18_L000_R1_001.fastq.gz	M18_L000_R2_001.fastq.gz	RMG2	c9fa2be5ee5aa63fe5439dc1839dc0ab	6157e7ff3eb594a63c16245e4f2699bc
O18	TCTTATATTCATACCA	O18_L000_R1_001.fastq.gz	O18_L000_R2_001.fastq.gz	RMG2	cd569f4d7dd48fc24e7adaf4dd052008	cfee13609fd1ffb4d74ad293a412fba6
A20	CTCTAAGAATCCGGCG	A20_L000_R1_001.fastq.gz	A20_L000_R2_001.fastq.gz	K562	52db0308446197d21b619e5905a077de	7f2ba0217420ec6d5892e46c4ac8d931
C20	AAGACTTATCATCGAA	C20_L000_R1_001.fastq.gz	C20_L000_R2_001.fastq.gz	RMG2	424a1abb63c34caba5e44110b0e54fc5	68a9246a5939ec84aef8f535f9896ce4
E20	TCTCCGTCACTTCGTT	E20_L000_R1_001.fastq.gz	E20_L000_R2_001.fastq.gz	HEK293T	064ebb8ca936ea95891faa5c217985e3	c666d1bf2da4537ab6fc9cc257573aa2
G20	CCGATCCTGGCATATA	G20_L000_R1_001.fastq.gz	G20_L000_R2_001.fastq.gz	HEK293T	b486aebcb406e58ef757c407a74df894	3266ae8c3aa23dbced03ee26fdbdaffd
I20	GTTCAATACTGATAAG	I20_L000_R1_001.fastq.gz	I20_L000_R2_001.fastq.gz	HEK293T	447b6d08e3c56e40d4820bcb9e601aca	8f184026e68d48440d61684e6644e09b
K20	GATTCCAGAATTACCA	K20_L000_R1_001.fastq.gz	K20_L000_R2_001.fastq.gz	K562	804aa22bb2482624811818a3f62e6b69	05b2850ae2849dd9d89cdb19612a1cca
M20	ATCGGTTCAGCCGTAC	M20_L000_R1_001.fastq.gz	M20_L000_R2_001.fastq.gz	RMG2	9bfb71cf02adbdd721fbd2d42414792f	e967f5d1e4fb93996ec060de8e711c35
O20	TCCTCAATTAATCAAT	O20_L000_R1_001.fastq.gz	O20_L000_R2_001.fastq.gz	RMG2	7728df5edeb18a63625292d4937a3a2b	f0d1fd1c39339c46e5a3043f96822fce
A22	ATTATCGACATCCTAA	A22_L000_R1_001.fastq.gz	A22_L000_R2_001.fastq.gz	K562	fcc4e422431083caecafeb569027ed53	a358619edcbf975cae3903ff741742b1
C22	GTCGCTAGTGCTTGAT	C22_L000_R1_001.fastq.gz	C22_L000_R2_001.fastq.gz	RMG2	3083ab59c80f14e352652f44dc1c1e06	b30885c42dcf6f10727a15e9bdd63fd4
E22	CGCAGAAGGTAATCGT	E22_L000_R1_001.fastq.gz	E22_L000_R2_001.fastq.gz	HEK293T	25db1f77db4eed52cb2782f7223590e1	ce5d8dc6735ee36ff7286040c15b82c0
G22	TCAGGACCAATGGTAA	G22_L000_R1_001.fastq.gz	G22_L000_R2_001.fastq.gz	HEK293T	4daf652819bfd41d9f70b8792445b7f0	b9875924d83815102792cc89424913ac
I22	ATCAGAGAGGCTGCTA	I22_L000_R1_001.fastq.gz	I22_L000_R2_001.fastq.gz	HEK293T	ee885453c8c1e432d3308b7c08e8f2c8	84369ac51a0a8aeee3b932d895e250c7
K22	CTGGATAACCGGCTAC	K22_L000_R1_001.fastq.gz	K22_L000_R2_001.fastq.gz	K562	f82086305238bf8e0130010075cb7b67	ee626157730f52972c1b807d551147e6
M22	GTCTCGCGAGGTATGG	M22_L000_R1_001.fastq.gz	M22_L000_R2_001.fastq.gz	RMG2	60eb3b7274044dc252cdbc72ce0b719a	a995e1716084e5c97db8efb9f8b48a69
O22	TCGAATAAGAACTCAG	O22_L000_R1_001.fastq.gz	O22_L000_R2_001.fastq.gz	RMG2	fc514262743cb3de467620d6916ee925	ef7f63d25461db1fa63b9c2edb39cf40
A24	CAACCTCTGATGGCCA	A24_L000_R1_001.fastq.gz	A24_L000_R2_001.fastq.gz	K562	35cd439d2940ed333926cd0ed227bcd7	a21d752058857c7220935fe4fb9fed33
C24	AGTTGAACTGCGCGTG	C24_L000_R1_001.fastq.gz	C24_L000_R2_001.fastq.gz	RMG2	c0eb30e433f1c7b95029a5f7d6f0e4b1	e5619214f7c1dde6d93646c79721d6ba
E24	CTTCGTTATACTGGCC	E24_L000_R1_001.fastq.gz	E24_L000_R2_001.fastq.gz	HEK293T	6790a0827c640e7823f28c2941d95840	7a3e02246e898fc3be1cb7a38c47ec5e
G24	GCTGCGGCACTAGCTC	G24_L000_R1_001.fastq.gz	G24_L000_R2_001.fastq.gz	HEK293T	7c3f4ed38975c35f073a222f93248f37	36d563077debca86a209f2ce86ba8ea5
I24	AGTAACCTGTACCGTA	I24_L000_R1_001.fastq.gz	I24_L000_R2_001.fastq.gz	HEK293T	eb4828eec43e26b5c49e47ad5154e139	97666305eda9d876a23ddcd44bbb94ee
K24	TAAGATATAGGTAGTT	K24_L000_R1_001.fastq.gz	K24_L000_R2_001.fastq.gz	K562	ef5d9a774c61fd2403ebfc407ec45e97	73bd7df44243f2086232b11b9f46a1f4
M24	TGGTCCTGGCCTATTC	M24_L000_R1_001.fastq.gz	M24_L000_R2_001.fastq.gz	RMG2	5f93ff6ddbda6d80f076ce6e1eff7c17	e200b44cbeba69849262b8987d4bd0a4
O24	GTCCTAACATGACCGA	O24_L000_R1_001.fastq.gz	O24_L000_R2_001.fastq.gz	RMG2	57a8f4e58f217c9119f757214a27eff7	b79eaf0998673ff6a90400aa0185cf44
B1	AACCGAACGCGGAGGA	B1_L000_R1_001.fastq.gz	B1_L000_R2_001.fastq.gz	HEK293T	9a45a720bdec4ceaf3d57ee23c9a679b	c52afa4d4e5698cd85fd35f42215bbc7
D1	AACCTAGATTAAGGTC	D1_L000_R1_001.fastq.gz	D1_L000_R2_001.fastq.gz	K562	236fbdd4a2962b8470e036c81e01f129	67f58044dd6160a35c22f0d0581bb224
F1	AACGCGCAGTAGTAGA	F1_L000_R1_001.fastq.gz	F1_L000_R2_001.fastq.gz	K562	b4971d9b80e7cdba789300f45efe2db7	2e93f28b154cd3d5a472f36f183534c4
H1	AAGAATGGCGTCCGAT	H1_L000_R1_001.fastq.gz	H1_L000_R2_001.fastq.gz	RMG2	0264fefd66981198072a10100ad62ed6	dacbf2dfac326d695f45fe69dfe1942a
J1	AAGAGCTCCCAAGGTA	J1_L000_R1_001.fastq.gz	J1_L000_R2_001.fastq.gz	RMG2	932009912d2d71ecddd1e072318bbde9	cebf9968683b67cf85ac5ac66321882f
L1	AAGCGTCCACTACTGA	L1_L000_R1_001.fastq.gz	L1_L000_R2_001.fastq.gz	HEK293T	7a1d93527d9a6dccfa0044f9869bdbf0	131e5fd4fbb6e0c4e36ac96dd3825641
N1	AATAGCAACTTCATGA	N1_L000_R1_001.fastq.gz	N1_L000_R2_001.fastq.gz	HEK293T	8d27e12c8334fdf8f95d018dc74d36c4	5abaa696e256c130bfb16604eb6f8643
P1	AATCCATGGCTGCTTC	P1_L000_R1_001.fastq.gz	P1_L000_R2_001.fastq.gz	K562	284bc03560c8f04041784579efcb8d1d	f220a70762c5d8289573fe26d9387ea7
B3	ACCAATTAAGTAAGCG	B3_L000_R1_001.fastq.gz	B3_L000_R2_001.fastq.gz	HEK293T	0b625affc4fb922525e7e9906a61adbe	c668830c4905906697473974e4ffd915
D3	ACCGAGCCGCAGACGG	D3_L000_R1_001.fastq.gz	D3_L000_R2_001.fastq.gz	K562	692c4f304d3238bc0d5009b21d8e49ba	2fa98d31b0ceb00fa850107b420ddc9c
F3	ACCGCGTTCTTAAGGC	F3_L000_R1_001.fastq.gz	F3_L000_R2_001.fastq.gz	K562	888af7689339c5895fa3b8dd1665d52e	ed749ace3d1933f525e076a4495d4e84
H3	ACCGGAATGGTTAATA	H3_L000_R1_001.fastq.gz	H3_L000_R2_001.fastq.gz	RMG2	c4888720e1c3ddc2c471ad89cfbb747b	39b67a91006cea586a06b821325aec07
J3	ACCTCTTGTATAGTAT	J3_L000_R1_001.fastq.gz	J3_L000_R2_001.fastq.gz	RMG2	497afeb798e223436280bc9cf3a4a593	aae50c29ea395da57d2822267c6cfd99
L3	ACGACGTCTTGCGGAC	L3_L000_R1_001.fastq.gz	L3_L000_R2_001.fastq.gz	HEK293T	9cdeff43f4c77a8c6ac2fb171b00bdae	ec30bc652d1a524eb72457d33d0afbd0
N3	ACTCAATTAAGGATGC	N3_L000_R1_001.fastq.gz	N3_L000_R2_001.fastq.gz	HEK293T	d0ee423ad10bb96a02dcafd15e6371a3	a691ed787de257631bce93b5a34c627a
P3	ACTCATACGCGATTGC	P3_L000_R1_001.fastq.gz	P3_L000_R2_001.fastq.gz	K562	57f213e127992c26329a633a90a19d9a	2db1505815e335e4e06fd1c4e5ad1e90
B5	ACTCGCTACGGCCTTG	B5_L000_R1_001.fastq.gz	B5_L000_R2_001.fastq.gz	HEK293T	754f55188e1b80b03a53f6cec5a2d538	22984c20c3a8314911a5b332422f93e5
D5	ACTGACCAACTCATTC	D5_L000_R1_001.fastq.gz	D5_L000_R2_001.fastq.gz	K562	27056215706d53864d258eb9e471f6fc	ea39fb5ec51312d381a36af48b9058e7
F5	ACTGCAAGCAGTATCT	F5_L000_R1_001.fastq.gz	F5_L000_R2_001.fastq.gz	K562	2b13333201210a58e235766db3c8ad62	436423823f802f10ab89739b8bd3e1e2
H5	ACTTAACGATCTCTGC	H5_L000_R1_001.fastq.gz	H5_L000_R2_001.fastq.gz	RMG2	65004efd877a0728626de556e252b3fd	02372e69600d980a2aa12ae2dcf51dbb
J5	ACTTACGTCGATCTAA	J5_L000_R1_001.fastq.gz	J5_L000_R2_001.fastq.gz	RMG2	754db7c7af45f77aa8531b1b4a4eb764	16e941bcc6bb9cbd5d883c332ade045a
L5	ACTTGCAGTCGGTCGT	L5_L000_R1_001.fastq.gz	L5_L000_R2_001.fastq.gz	HEK293T	bf51e4c0eafbf85b811d11c4b0671321	52205cdab2562419ed7d81fb6845e0d5
N5	AGAACGACGTCCTGCC	N5_L000_R1_001.fastq.gz	N5_L000_R2_001.fastq.gz	HEK293T	c4a20fa1d7440ebaaceb421b9d2629a5	0b8617c9b8781e2fa5480fddd0cc7e0f
P5	ACCGTCTCATACCTAT	P5_L000_R1_001.fastq.gz	P5_L000_R2_001.fastq.gz	K562	86c64e4383fb89a36003a2e55318c55c	3a9ca8f0fe6ba9502f7dc5511f5ee798
B7	AGAAGCATACCTTCCA	B7_L000_R1_001.fastq.gz	B7_L000_R2_001.fastq.gz	HEK293T	6bd750760a3d032b87d15ae8752ba4b1	17e34cbc8c354aeb5558170e9c061e02
D7	AGAAGGCGAGTTAGGC	D7_L000_R1_001.fastq.gz	D7_L000_R2_001.fastq.gz	K562	e27321e384b52ce64b38e73a08fd810e	049b6ef46d0a2e0ffb9eceaaaf74dc88
F7	AGAAGTTAGCCGGTAG	F7_L000_R1_001.fastq.gz	F7_L000_R2_001.fastq.gz	K562	762bc3c1bc8f2e894062cb6a5348bed4	959774f4f58b2aa91ca0ab300c093b26
H7	AGACCAATCGAGCTGA	H7_L000_R1_001.fastq.gz	H7_L000_R2_001.fastq.gz	RMG2	9b33961bc910a016df83eea079b0bb99	c3943327096a1d76a8deebb2d83e0ccb
J7	AGACCTGCAGAAGCCT	J7_L000_R1_001.fastq.gz	J7_L000_R2_001.fastq.gz	RMG2	125a0be50143415c3dbfbc0162657c5c	12290c478bde52cb3d2875863f9e500a
L7	AGACGATGTGCTTCGC	L7_L000_R1_001.fastq.gz	L7_L000_R2_001.fastq.gz	HEK293T	f5b30957289024f4b98656b9522d1f10	505cab987f9d3a9a603796365e27d8fc
N7	AGACTACCTGATAGCT	N7_L000_R1_001.fastq.gz	N7_L000_R2_001.fastq.gz	HEK293T	3f21b55493a56a390a8b1b208f9166b6	6df066dc0fee4a709e381ec4c856d6d8
P7	AGAGAGTTCGCCAGTT	P7_L000_R1_001.fastq.gz	P7_L000_R2_001.fastq.gz	K562	72ae660ee801d421c19c3a1e1cd650cd	59d46bfa7b516331af3e9dbabd4bde75
B9	AGAGCCTAACCTCGAG	B9_L000_R1_001.fastq.gz	B9_L000_R2_001.fastq.gz	HEK293T	dde9556faf7a5da4ad069dcf972434b8	8da7f209db6be7faa849266d0406ee15
D9	AGATAGCCCGTATCGC	D9_L000_R1_001.fastq.gz	D9_L000_R2_001.fastq.gz	K562	fd8b0d5d00a369769bdbcbe399ef9601	7bb3574dc99912c1671994ce6ca8f196
F9	AGATGCGAAGCTGGTC	F9_L000_R1_001.fastq.gz	F9_L000_R2_001.fastq.gz	K562	26a50917f233103fdda9cf53d7eb6c2a	f46a37175278390902281c7575f6eb2a
H9	AGGATGATATCCGCGA	H9_L000_R1_001.fastq.gz	H9_L000_R2_001.fastq.gz	RMG2	c511b657d740df0420ce01a09117c98f	fd7600eaacac05c998e6d2df840f44d3
J9	AGGCCGCCGCGTTACC	J9_L000_R1_001.fastq.gz	J9_L000_R2_001.fastq.gz	RMG2	7e210534e3253007981428ce13338cb1	159066037525a6142ac70853ece64c52
L9	AGGCCTTGTGGACTGC	L9_L000_R1_001.fastq.gz	L9_L000_R2_001.fastq.gz	HEK293T	c3646d57ed065cee0baa3c0f4eda3faf	cbf4de6ea673b2794e05869f9f9c5ddf
N9	AGTATAGTTGACCAGC	N9_L000_R1_001.fastq.gz	N9_L000_R2_001.fastq.gz	HEK293T	fafe6def44624694bcaed5cfa8b50440	3baca2fba428902a2fcc9966da3f31df
P9	ATAAGACTCTATATGG	P9_L000_R1_001.fastq.gz	P9_L000_R2_001.fastq.gz	K562	0a25cea6661673fa495a2991122a94a7	b60a73470d4bf2a66248de8c9f379e95
B11	ATAATTCCTTGGTACC	B11_L000_R1_001.fastq.gz	B11_L000_R2_001.fastq.gz	HEK293T	f9c69ba500845bf9ffdf46abefbd9e74	cf627c2ac324a9f897393a61135d033b
D11	ATACCAGGGAGCCTCC	D11_L000_R1_001.fastq.gz	D11_L000_R2_001.fastq.gz	K562	7c72153272185c29265eb8db1b053be8	79dea3b2531510ec80861859c9d6c215
F11	ATACCTAAATACTTGA	F11_L000_R1_001.fastq.gz	F11_L000_R2_001.fastq.gz	K562	980ddaa4f774eaa36a08bdf2e1ab6374	2858caa5b69b88587a60fb04a5ed1da1
H11	ATACGCAGGACTGCAT	H11_L000_R1_001.fastq.gz	H11_L000_R2_001.fastq.gz	RMG2	7185402d3739d2f68f6e8e831fc62133	79126e43e677efa32ed9a90a4fbe643e
J11	ATACTGACGGAAGATC	J11_L000_R1_001.fastq.gz	J11_L000_R2_001.fastq.gz	RMG2	98c005de4ab0a62f199c7f469ba42622	b1dbbf005b24130366d9b671ae014f35
L11	ATAGAATCGTTATGGA	L11_L000_R1_001.fastq.gz	L11_L000_R2_001.fastq.gz	HEK293T	e5e788b7690d0054a1287646dfdfbc32	629218f1dfd1bb5706741ad3ce3092ae
N11	ATCATAATACTGCCGT	N11_L000_R1_001.fastq.gz	N11_L000_R2_001.fastq.gz	HEK293T	23c7ca50a82a35aec78ab6ee0aadc396	bc42fd87337b2a7861360561f95371d8
P11	ATCCTTCACAGGCTTA	P11_L000_R1_001.fastq.gz	P11_L000_R2_001.fastq.gz	K562	3f890c189f383864c11a14056dcb0a66	ed661053a4574486dcac4ee5e9e86c25
B13	ATGCGATTGTTGCCTA	B13_L000_R1_001.fastq.gz	B13_L000_R2_001.fastq.gz	HEK293T	83dc2b6d23555c325350152d1ceeafd5	9f2570cd39cac329f4118dcd96ea38f5
D13	ATTCGACCGTTGACGT	D13_L000_R1_001.fastq.gz	D13_L000_R2_001.fastq.gz	K562	c5a391fd9aed890324ac7557203fef1f	6ce216661851db2070a9260054d923eb
F13	ATTGAAGGTCAATCAG	F13_L000_R1_001.fastq.gz	F13_L000_R2_001.fastq.gz	K562	6edce3a5b9089e8f80e4807bc9397378	5f10711472f84fd8f5782d78cfdf55a8
H13	ATTGATTAACCGGAGG	H13_L000_R1_001.fastq.gz	H13_L000_R2_001.fastq.gz	RMG2	4e83dc85bc86d2111a09a865915d14e8	04749a718b18944d9f870eaf8d927330
J13	CAATGGTTCATTCGGT	J13_L000_R1_001.fastq.gz	J13_L000_R2_001.fastq.gz	RMG2	4849329cc51dc8fb7392905e06e66c86	f81ea186d450bad96cd4f6b40856710c
L13	CAGACCTTTCTATGCC	L13_L000_R1_001.fastq.gz	L13_L000_R2_001.fastq.gz	HEK293T	d759d9a66593d6e314a3a20f280fa57e	7e424221e0859573d3bc0ce310f19f72
N13	CAGATCAACGCAGGCA	N13_L000_R1_001.fastq.gz	N13_L000_R2_001.fastq.gz	HEK293T	b9a7f9ccbaa6996fe1e42da867efa589	7888cc2c5212855550cc5bfdb2dd0c13
P13	CAGCAACTCGATGGCT	P13_L000_R1_001.fastq.gz	P13_L000_R2_001.fastq.gz	K562	a32465836eaa9e2bb9b65ab5fb674855	4c4126964fcda94fa2403d1cdcd11d95
B15	CAGCCGTAGGTTCGAG	B15_L000_R1_001.fastq.gz	B15_L000_R2_001.fastq.gz	HEK293T	6973d18bad61acaf040c8414e73423ec	465686b27aad95994b59f823b4ecc5bd
D15	CAGTCAGAAATATCGA	D15_L000_R1_001.fastq.gz	D15_L000_R2_001.fastq.gz	K562	e7c0e4f39859de46d24c403364c44eb6	2be53dc30a3574a2c458b3e7da3d9aec
F15	CATAAGCGTTAACTGA	F15_L000_R1_001.fastq.gz	F15_L000_R2_001.fastq.gz	K562	d9a7c29cd0e44054a276cae505e41ab6	237de3c7a9beff72e95b2c418ce5f0a9
H15	CATACGTCGAGGCATC	H15_L000_R1_001.fastq.gz	H15_L000_R2_001.fastq.gz	RMG2	dd668bb4e3bfee11cea1e378c03cfb0a	15a133cb8965c5bdeea47982247060ab
J15	CATATTCTCTAGTCAA	J15_L000_R1_001.fastq.gz	J15_L000_R2_001.fastq.gz	RMG2	1d8e4ac6463e49dac569175d25aa2efa	c1ac6d4e0f86abd05aa9830378d4f9c7
L15	CATCAGTTGGATATTG	L15_L000_R1_001.fastq.gz	L15_L000_R2_001.fastq.gz	HEK293T	d35fa8b99e80ee8e6a66ab3cef4eeffb	e266278d8130a3dcceacd9fcfe272c27
N15	CATCTCGGCTATTACT	N15_L000_R1_001.fastq.gz	N15_L000_R2_001.fastq.gz	HEK293T	bde67295f263ff8d80a4b64734602087	ced34fdbb3a6e56744666093eef254f9
P15	CATTGCCATCTGACTG	P15_L000_R1_001.fastq.gz	P15_L000_R2_001.fastq.gz	K562	e85559a3608182f1a7843ea694059c3f	c7b0c1102016ffc27afcedb2ff874bf5
B17	CCAATACCGGTTACCG	B17_L000_R1_001.fastq.gz	B17_L000_R2_001.fastq.gz	HEK293T	201f2b04368ea070b8791cc4052857aa	32a159698da9c11267f47f74b6c80d13
D17	CCAGAAGCGGCCTCTC	D17_L000_R1_001.fastq.gz	D17_L000_R2_001.fastq.gz	K562	f560fff02b4b94fd4fa42e63bb8e8fc0	7931190ec1c98fb735c948aff2e30883
F17	CCAGAGCGACTTCTAC	F17_L000_R1_001.fastq.gz	F17_L000_R2_001.fastq.gz	K562	b73796f44e8c70ba894065d702d2783e	f1c63ab0fa839868c515f5ec86ffe4e9
H17	CCAGGCATTACGTAGC	H17_L000_R1_001.fastq.gz	H17_L000_R2_001.fastq.gz	RMG2	6beb1fce908f125c7e47faf405d728d5	99ab6fa725726d5e8f5bec5390243e2b
J17	CCATTATGCTAAGCAT	J17_L000_R1_001.fastq.gz	J17_L000_R2_001.fastq.gz	RMG2	7aa2c6a3c3e28ba6a4f5613233411a35	e74f745f23dbd4457271173be48487ca
L17	CCGCCTAACTCTACTA	L17_L000_R1_001.fastq.gz	L17_L000_R2_001.fastq.gz	HEK293T	218396d7de28632ea960f1a6d4e7abe8	915961b056bed0cf22399cd735474248
N17	CCGGTTAGCCATGGCC	N17_L000_R1_001.fastq.gz	N17_L000_R2_001.fastq.gz	HEK293T	7c198a0eb1dc0e92f1ab5572af911f5c	4d4e466664c83d28c9f27dfa1a88bdab
P17	CCGTACTATTGATCTG	P17_L000_R1_001.fastq.gz	P17_L000_R2_001.fastq.gz	K562	c64f2c728af48fcdfc2976cc5c7976c7	2c74e3c337871b99078bd6f4a0f9ffdd
B19	CCTAGCGACATAGGCG	B19_L000_R1_001.fastq.gz	B19_L000_R2_001.fastq.gz	HEK293T	3bc38db91670a0b002b7f448976cb3a0	2d871691c923ad0d44e668bf36ad2f13
D19	CCTATCTCGTAGTTAG	D19_L000_R1_001.fastq.gz	D19_L000_R2_001.fastq.gz	K562	3cbc0b86d0c4f95a923f27e333ba4f8b	5bc1106b8947c411ce3454bfa660c0fd
F19	CCTCAGCCGGTTGCGT	F19_L000_R1_001.fastq.gz	F19_L000_R2_001.fastq.gz	K562	41df05be2817c9a35b848840df40967d	19455ff67baaa47f86bd614c69fc898e
H19	CCTCGGAAGCAGTCAT	H19_L000_R1_001.fastq.gz	H19_L000_R2_001.fastq.gz	RMG2	7e8c2aed2ca860b9cf20c6c0995eb373	548166af0c4d66690653b538af012f4a
J19	CCTGACGGAAGGAGCT	J19_L000_R1_001.fastq.gz	J19_L000_R2_001.fastq.gz	RMG2	3c18a3ccaffa99a86ff5e6a96b9b78bc	e195ed4d4b56eba4d111a0aac7908333
L19	CGAATCCAATAATTAC	L19_L000_R1_001.fastq.gz	L19_L000_R2_001.fastq.gz	HEK293T	f4c5fe53e4b2c71ddf89ea9f55082108	a24751a053319eeaf557f214a592c135
N19	CGACGTAGCAAGGAGG	N19_L000_R1_001.fastq.gz	N19_L000_R2_001.fastq.gz	HEK293T	8b8a89ac377b6f69636ba5929fdf3e70	2fef7107688a2df89e6b248fb3f8e63f
P19	CGATGACGCTCGGCCA	P19_L000_R1_001.fastq.gz	P19_L000_R2_001.fastq.gz	K562	a00651af178daaf5eab6742b264f8cf7	95a8390b68577a6f1cecf7b4399cce2d
B21	CGCCGACCCCGGTCAG	B21_L000_R1_001.fastq.gz	B21_L000_R2_001.fastq.gz	HEK293T	8bf9f15ee9c4df140b2f7592e1dfde43	9ebc7f9f9fc91654943cb74e3dfdf3bc
D21	CGCCGCTAATCGTCGC	D21_L000_R1_001.fastq.gz	D21_L000_R2_001.fastq.gz	K562	e91f22937ff08958edf9c68395121624	71063f9821f05ebd23499d8d8a7b1c61
F21	CGCCGGATATTGCCAG	F21_L000_R1_001.fastq.gz	F21_L000_R2_001.fastq.gz	K562	884a3d011ff6c221fff1e512f00b1b31	385a00bad3dd44eab82fa296d2fc0062
H21	CGCGACTCTTGGTTAA	H21_L000_R1_001.fastq.gz	H21_L000_R2_001.fastq.gz	RMG2	4a63f57a58f8a222b98c89c52c5fb210	8d25f45f2876b7aa01723f5a427dfbcc
J21	CGCGCCAGGTCGCCGG	J21_L000_R1_001.fastq.gz	J21_L000_R2_001.fastq.gz	RMG2	63587adcd235aca0698be4aa9a635e93	88268b437d4968b1848a974fe8729c23
L21	CGCGCTCAGATGATCT	L21_L000_R1_001.fastq.gz	L21_L000_R2_001.fastq.gz	HEK293T	9d11a2f2e028467b4361bcd472d13746	69d56ad7b85845cba40d92769b720351
N21	CGGAATCATCCTCTCA	N21_L000_R1_001.fastq.gz	N21_L000_R2_001.fastq.gz	HEK293T	2905b570647293a09e24297c4704db87	3d6f46b0fcf2a021b268b3d75efc65ef
P21	CGGAGACTCTCGCTGA	P21_L000_R1_001.fastq.gz	P21_L000_R2_001.fastq.gz	K562	7683fab10be6069db75e70b3cc51ae6b	8205e22cd4da88885600485f82a80741
B23	CGTAGATCAAGGTTAT	B23_L000_R1_001.fastq.gz	B23_L000_R2_001.fastq.gz	HEK293T	4f17b235a881b0844dd3ca07d85d4ba6	4383b753245d37c871a715e32601984e
D23	CGTAGGCAAGCGCATC	D23_L000_R1_001.fastq.gz	D23_L000_R2_001.fastq.gz	K562	e0a224f3fbacc87d6e3284031ede685a	380d55179eca8888fb83df2a8a30e046
F23	CGTCCAGACCGGATTG	F23_L000_R1_001.fastq.gz	F23_L000_R2_001.fastq.gz	K562	4f996650451881b13934240003330e35	d7e654cf4baaf26f13b81a21f59b9aba
H23	CGTTAATGCCTAGCGG	H23_L000_R1_001.fastq.gz	H23_L000_R2_001.fastq.gz	RMG2	188aae1fd426c9fa6241b66fdcbe339f	77f2c83f31e63356da95a6780f239ba3
J23	CGTTGCGGGTTCGCGC	J23_L000_R1_001.fastq.gz	J23_L000_R2_001.fastq.gz	RMG2	db1b1f48d3aa8685ff3796a028d455c2	1658ac03d47da3ba324718bcf7daeea5
L23	CTATCAAGTCTGCCAA	L23_L000_R1_001.fastq.gz	L23_L000_R2_001.fastq.gz	HEK293T	0c4e29649bac5d01b673ec80ea6eb30c	4ea74477ecf17e7811c5f716094a61ad
N23	CTCCAGACGACTATGG	N23_L000_R1_001.fastq.gz	N23_L000_R2_001.fastq.gz	HEK293T	2132fb7c3c4c6dddf7f10e4680c5dff1	144b2b784e9a7b6e8aeac5fdbfc179ac
B2	CTGAGCATAGACCGTT	B2_L000_R1_001.fastq.gz	B2_L000_R2_001.fastq.gz	HEK293T	b854cc1597d5e454e7ba86e2ca61e02d	9bbb403e0cd02ff5e94c90ac084ec062
D2	CTGAGTTCGCTAGAAG	D2_L000_R1_001.fastq.gz	D2_L000_R2_001.fastq.gz	K562	cc93cf5cf122cc7c4c38d6adcb4b4891	67707156874188555004e8e222200cf8
F2	CTGATTGATTGATGGT	F2_L000_R1_001.fastq.gz	F2_L000_R2_001.fastq.gz	K562	5f491bdf27c8e03ab7d1670758ae034e	03a27494082b85f00610db9162c6d666
H2	CTGCTCGTTAGATGAC	H2_L000_R1_001.fastq.gz	H2_L000_R2_001.fastq.gz	pos_control	9e4f2c5e5a72161df3637d7e452a7354	3effabe4326605586891ba0706449847
J2	CTGCTGAAAAGGCAGA	J2_L000_R1_001.fastq.gz	J2_L000_R2_001.fastq.gz	RMG2	8088a1cea564711b6492664c78d76ec2	85a32ac3c1ea69740189a776467df303
L2	CTGGCAATATATCCGT	L2_L000_R1_001.fastq.gz	L2_L000_R2_001.fastq.gz	neg_control	64e35de75bb91bcba34933d72b29b616	8eb0e18f33e6512a3644f7f23b5ef0b9
N2	CTTGCCGCTCGCCTGA	N2_L000_R1_001.fastq.gz	N2_L000_R2_001.fastq.gz	HEK293T	eb33990d3411fb146b9af00fa7b590cc	1432e31313f647a3aadfa820726b6918
P2	CTTGCGAGCGTTCTCT	P2_L000_R1_001.fastq.gz	P2_L000_R2_001.fastq.gz	K562	a4f91af5ce2c84299882a7f563af658a	2ea9db80ea2e22a104ab261de734ddcf
B4	GAACGCTGTTAGAAGT	B4_L000_R1_001.fastq.gz	B4_L000_R2_001.fastq.gz	HEK293T	e720b1ab9d2328499d1fd6a93754d73f	04994e2c9e9074e73845a764c7202698
D4	GAACGTATCATTGCAG	D4_L000_R1_001.fastq.gz	D4_L000_R2_001.fastq.gz	K562	7cf89812cffec5c852e16b07fd2fd73e	8dc341ca27bd1af21dc29fd5a8de2942
F4	GAAGCAGCGACGCGCC	F4_L000_R1_001.fastq.gz	F4_L000_R2_001.fastq.gz	K562	24f7ae0695da42ac940a5ecf2152bf99	80cd791ee46bdbb17ea6bf87e8059ad5
H4	GAATAGGCAGAGCAGT	H4_L000_R1_001.fastq.gz	H4_L000_R2_001.fastq.gz	RMG2	bd72ab52c78bb9ef8e2b61ee274acec9	fcc3f987bd367d94727fbca650c96c9a
J4	GAATCATGTTAGCTTG	J4_L000_R1_001.fastq.gz	J4_L000_R2_001.fastq.gz	RMG2	d64f8569c7d9f48db37c040ae6b68b53	e9a0ecc5b4ff087d70c6f3568964654f
L4	GACCAGCTAGGAGATT	L4_L000_R1_001.fastq.gz	L4_L000_R2_001.fastq.gz	HEK293T	f7ae793d5095b8831f74ad43791fcac5	a6d36723a04cb4bf2d81d7b1acf1b33c
N4	GACCTCGCAGTAGGTA	N4_L000_R1_001.fastq.gz	N4_L000_R2_001.fastq.gz	HEK293T	181843dfaae50d25ec8de6d0b7361598	a26de1a5475fcd262d7fc11b06bf902a
P4	GACGTACGCATTCCGA	P4_L000_R1_001.fastq.gz	P4_L000_R2_001.fastq.gz	K562	8c397f479dfea4c7e8124004270fb532	0359e57893209e2d04503c85ea028831
B6	GACTATTGCTTGGCTG	B6_L000_R1_001.fastq.gz	B6_L000_R2_001.fastq.gz	HEK293T	eda27aadd2a912613ef4f1e7b1a7e00a	09799b68dfd3a38d7eb433577810cc6d
D6	GAGCTAGTTGGTTCTT	D6_L000_R1_001.fastq.gz	D6_L000_R2_001.fastq.gz	K562	0b40c293a3d5956c9cbbbe53b34af18e	29b1322053d75a90e3a17225eb1a6478
F6	GAGTAACGGATAAGTA	F6_L000_R1_001.fastq.gz	F6_L000_R2_001.fastq.gz	K562	aace22b8190ee031a14e6a57ce11cbc3	7d60a0a93ee1a2b9423152ccb5322e5a
H6	GATTACTTGAATGCCG	H6_L000_R1_001.fastq.gz	H6_L000_R2_001.fastq.gz	RMG2	e1b43347bcf50eb02fc05473bb08b4a6	7101ba8d0102cbde7206842d672a54ca
J6	GCAACTAAAGCATTGA	J6_L000_R1_001.fastq.gz	J6_L000_R2_001.fastq.gz	RMG2	ca69d3d117bb144134263ddf9c5cd1d4	65f5866ce097183167de7a768315c554
L6	GCAATCGCGGAGTCTG	L6_L000_R1_001.fastq.gz	L6_L000_R2_001.fastq.gz	HEK293T	1fdd416d2c88f16b0c81009c1c028f05	a3a3c1a0f9bf895af1bb8ab510394f6e
N6	GCAGGAGGGACGATAA	N6_L000_R1_001.fastq.gz	N6_L000_R2_001.fastq.gz	HEK293T	a661679e6f2fc2ebff2baf6035db90e6	51adbb5594143c92962ef47a2bf9aec2
P6	GCAGTAACCGCGATTA	P6_L000_R1_001.fastq.gz	P6_L000_R2_001.fastq.gz	K562	43a79f2eac65c32264f4812de1111b5c	ecd3795e425e7e150d91bd0ee8510eb2
B8	GCATGCAACTGGTCTT	B8_L000_R1_001.fastq.gz	B8_L000_R2_001.fastq.gz	HEK293T	a370dfdf9c0907e9e162ff0d2c8e5bcf	3f23147bf88948862e50ad0fbf567a8c
D8	GCATGGCGCATAACCT	D8_L000_R1_001.fastq.gz	D8_L000_R2_001.fastq.gz	K562	8088bb6757f48c9ee00eb61d8af3f06c	7a7200884269055f7c5be7ade1bda04c
F8	GCCGGCAGTCGCTGCA	F8_L000_R1_001.fastq.gz	F8_L000_R2_001.fastq.gz	K562	40c80c03afdb9ebf8a38655253aa93be	9ff1da9d4b0dc1858076af7677c526f4
H8	GCCTAACTGTTCAGAA	H8_L000_R1_001.fastq.gz	H8_L000_R2_001.fastq.gz	RMG2	9004549873584336f1a916a98d8e30f6	b19143c4be03c0f8688068fe71988dac
J8	GCCTCATCCTTCCATG	J8_L000_R1_001.fastq.gz	J8_L000_R2_001.fastq.gz	RMG2	1c4e88b09379b41cc9daeff2b6575963	53d8a4f152a11682a4eeb9fb07feb061
L8	GCGACCTGGTCGCGAA	L8_L000_R1_001.fastq.gz	L8_L000_R2_001.fastq.gz	HEK293T	27173defa6f02dd43b798d2c6a0e8dc8	a4da8460e96dc3f87a8e1df9d8018e78
N8	GCGATACGTTCCGTCT	N8_L000_R1_001.fastq.gz	N8_L000_R2_001.fastq.gz	HEK293T	8a66f7ae38397a8ce5ece730d0117157	3f72c4c25d68fd8479a628d3cbbd0696
P8	GCGCATCGAGGTCTAT	P8_L000_R1_001.fastq.gz	P8_L000_R2_001.fastq.gz	K562	45c18aa3c73fa2372957482e39e3f058	fb9d3287ee30120b96f68613e13b55b2
B10	GCGGTTCTCCTGCGAG	B10_L000_R1_001.fastq.gz	B10_L000_R2_001.fastq.gz	HEK293T	0afbfc371cbc8a3b4246f20d765240f4	da2017c42aee4fdb73723d0959ba8696
D10	GCTTGATGCAGGACCA	D10_L000_R1_001.fastq.gz	D10_L000_R2_001.fastq.gz	K562	89ed3cd03e06ee5b3f38920fa758628b	d686539723af5c8d9fc3f47475fc344d
F10	GGAGCCATGAGACCTG	F10_L000_R1_001.fastq.gz	F10_L000_R2_001.fastq.gz	K562	1f33f8aec07e687c082aac3e43f50ea7	886ea46f9ce73fbf74debd47b69adba8
H10	GGATATCGAATGCGCG	H10_L000_R1_001.fastq.gz	H10_L000_R2_001.fastq.gz	RMG2	8e8c78d10b76b207f4d65144aad5ac78	9582624e8a0065baee4ea819d4f98a64
J10	GGCATAGACCAGTATT	J10_L000_R1_001.fastq.gz	J10_L000_R2_001.fastq.gz	RMG2	fb9554dd45a79b36739fba6f281b6a98	72e628f6fe49d9ba9a04aeb5ffd2711a
L10	GGCCAGTATCCTTATT	L10_L000_R1_001.fastq.gz	L10_L000_R2_001.fastq.gz	HEK293T	ac6b49bb2817617c833f4ef6cf0f9f10	b61999776d2c86bca36bf4327aa8deaf
N10	GGCGAGCGCCTCCTGC	N10_L000_R1_001.fastq.gz	N10_L000_R2_001.fastq.gz	HEK293T	f5eeec6cc103fd6e10abaff1a27bb29c	827e8314e64fa35aef09d95b16c0f5c0
P10	GGCGGTATTCCAGACT	P10_L000_R1_001.fastq.gz	P10_L000_R2_001.fastq.gz	K562	cbd88c016fa1d88ba8802f61f6cfb133	24a5b4b08eccd8b8e05657fabbfa18aa
B12	GGTAGAATCAATTGCA	B12_L000_R1_001.fastq.gz	B12_L000_R2_001.fastq.gz	HEK293T	78a2055df3f002efb26eed39b2243cf8	ecbe070fc0ec471a4447f7d46ac8138f
D12	GGTCAGATATTCGTAG	D12_L000_R1_001.fastq.gz	D12_L000_R2_001.fastq.gz	K562	e3b91049fa0d9eed3a6afb60712b8249	8e8a9004b40794125dae9dda37b5be67
F12	GGTTAGTCTCCGATCG	F12_L000_R1_001.fastq.gz	F12_L000_R2_001.fastq.gz	K562	ea7f9b074482fa0f3d5201570f78b39e	e945d51b9f1fd1997c693df2e309cd2f
H12	GTAAGAAGTAGCGGCG	H12_L000_R1_001.fastq.gz	H12_L000_R2_001.fastq.gz	RMG2	6abb80b94076eea8c71db848b08e1793	4456546bc2cf72684cd18bbbf8e4a1a8
J12	GTACGGCTTGAGCGCG	J12_L000_R1_001.fastq.gz	J12_L000_R2_001.fastq.gz	RMG2	7a887ee34c4f9d23da8d6e1e56f3ca05	33b6ef431eabc6cc862a67f2e144e333
L12	GTACTCGATTCAAGCC	L12_L000_R1_001.fastq.gz	L12_L000_R2_001.fastq.gz	HEK293T	ccc10137af1a87f4cdb5f8b9d1e21e80	5d65bcdbb9014ef034498b123b0de319
N12	GTAGCCGGATGCGGTA	N12_L000_R1_001.fastq.gz	N12_L000_R2_001.fastq.gz	HEK293T	bf47e51754c80f82560a08af70cc79ad	c7e3b8e0e4cefbf4a7b38c10315f9e88
P12	GTATACCAACGCTGGT	P12_L000_R1_001.fastq.gz	P12_L000_R2_001.fastq.gz	K562	f2920186519e1b436e2b8ea013e15bf2	33bde5f3661525ad3a3a2a66b45a0c8c
B14	GTCAACGTCGAGTCGT	B14_L000_R1_001.fastq.gz	B14_L000_R2_001.fastq.gz	HEK293T	ed683e8ca39b49371368b15dc14fed2a	dd049b3ed18580cc53522e02f453b728
D14	GTCCGCAAACCATTAT	D14_L000_R1_001.fastq.gz	D14_L000_R2_001.fastq.gz	K562	451f2cfec71a8bf80e5df4304f980232	005799cfe86eaf37f7b02ddadf2a876b
F14	GTTAAGTTGATATGAG	F14_L000_R1_001.fastq.gz	F14_L000_R2_001.fastq.gz	K562	0608bc4b1811c4464480da121cd181df	873b20de42eb8959b06acab267bec810
H14	GTTAGCGGGTCTCTTG	H14_L000_R1_001.fastq.gz	H14_L000_R2_001.fastq.gz	RMG2	ce9d242b1545666d4dffc506bfda6fc3	1fb257927f04e16bb290d5ef27529de3
J14	GTTCAGGCACGTATTA	J14_L000_R1_001.fastq.gz	J14_L000_R2_001.fastq.gz	RMG2	2298748581f846104adc980ebe0e2ba6	00c9d540981c1f6739ba65284576e73b
L14	TACGAGTTTATAACTC	L14_L000_R1_001.fastq.gz	L14_L000_R2_001.fastq.gz	HEK293T	be6e4db9ada6f5e24cd75057e5826349	436d6f67a13e1aa0c764a76ca98cee63
N14	TACGGTACTAACTTCT	N14_L000_R1_001.fastq.gz	N14_L000_R2_001.fastq.gz	HEK293T	a6abc08deb47acc8fa1a6bfab192ea6e	01ce6618d10c26e3ebe080b9ca736bc5
P14	TAGCAGCCTGGACGAG	P14_L000_R1_001.fastq.gz	P14_L000_R2_001.fastq.gz	K562	e3136acd42d0db23c1d92c29887ae242	2f65b43886a20e1117b4c8bef9f1dd04
B16	TAGCATTGACGACTTC	B16_L000_R1_001.fastq.gz	B16_L000_R2_001.fastq.gz	HEK293T	e29af7e21124f87f87fd141985b9b9d5	cd4677819756c2e9cdad18f831428710
D16	TAGTATCTAGCAGAGC	D16_L000_R1_001.fastq.gz	D16_L000_R2_001.fastq.gz	K562	7ab14e846594ea9fb9a68634d1e70c83	bb93665f662b0771868471044355cbf2
F16	TAGTTAGGGGTAATTC	F16_L000_R1_001.fastq.gz	F16_L000_R2_001.fastq.gz	K562	973bc0a207f1a70627f59b4d11e0211b	fa01bbb898878b5553389c5b84031d36
H16	TATATCATAGGCGCGT	H16_L000_R1_001.fastq.gz	H16_L000_R2_001.fastq.gz	RMG2	a1116fbc3c38a694989b13e5287df2dd	f06b74e796bfd31ee6eb565202d56d8b
J16	TATATGCCCCGACTCG	J16_L000_R1_001.fastq.gz	J16_L000_R2_001.fastq.gz	RMG2	a5afd163fa151ee7b56a4cfdb76719b0	464affd59eb07cc3d5fe2f2651e29654
L16	TCAACTTGCGCCTCGG	L16_L000_R1_001.fastq.gz	L16_L000_R2_001.fastq.gz	HEK293T	9e170b2b358925018243337583f04b0f	52cbd60a796a9bb612ebfd7c04000524
N16	TCAGTTAAGCATGGTT	N16_L000_R1_001.fastq.gz	N16_L000_R2_001.fastq.gz	HEK293T	e11e0d052392623d942c4b5736fd249d	d0e5ee17232e85cd6cd9e32d0a46241e
P16	TCCGACCTCGGTTCCA	P16_L000_R1_001.fastq.gz	P16_L000_R2_001.fastq.gz	K562	50ebaefe168eb8d1ca5c7f9d0213260a	6935554821b362ec88b6b36185e601f4
B18	TCCGCTCGATCGATAT	B18_L000_R1_001.fastq.gz	B18_L000_R2_001.fastq.gz	HEK293T	0eb0e57c27b795b06f612b1821f01c51	01238e78cf56b949387a25f3c72a251a
D18	TCCTTGCACGATGCGC	D18_L000_R1_001.fastq.gz	D18_L000_R2_001.fastq.gz	K562	23b8b478e12a751f1624a73bdbb03bb7	826f5ffe8a6e0db0add12010b3c6a227
F18	TCGGAACGGAAGAGCA	F18_L000_R1_001.fastq.gz	F18_L000_R2_001.fastq.gz	K562	874c5b28643f124953be9f613b85dbda	82aa988192bda29f677c5f40914f6eac
H18	TCGGTCATCAGTAGGA	H18_L000_R1_001.fastq.gz	H18_L000_R2_001.fastq.gz	RMG2	aeff404cc15d65d4aed267115961311a	11fe00061e74df6cd8a256af8ec3b095
J18	TCGTCGCCCGAATAGA	J18_L000_R1_001.fastq.gz	J18_L000_R2_001.fastq.gz	RMG2	55392fca521573967704b992c0ec5820	9e129c2b021749b00174cd864f147859
L18	TCTACTACATAGGCTT	L18_L000_R1_001.fastq.gz	L18_L000_R2_001.fastq.gz	HEK293T	8c0f1b4a6f5b06cc455a12a074f556a5	0cfa2607fed3f25df52769640d82086c
N18	TCTAGAGGTGCGCTCC	N18_L000_R1_001.fastq.gz	N18_L000_R2_001.fastq.gz	HEK293T	4223a599b4a8863bf3f706f39d4e6bb6	cb824b3d5d58f159133b37acdb7521fc
P18	TCTCTCTGGCGAGCGT	P18_L000_R1_001.fastq.gz	P18_L000_R2_001.fastq.gz	K562	4cbdd51b49c0ae17c3e2d2857997dc7b	ad7bbf19fa5445715c018278c7c80b38
B20	TCTTGCCTGGATTATT	B20_L000_R1_001.fastq.gz	B20_L000_R2_001.fastq.gz	HEK293T	1868ca7e554b21e5123c69b16712e506	7681c1950b52dd71be7d9f6f36ec8141
D20	TGAAGGTTACGAGCAG	D20_L000_R1_001.fastq.gz	D20_L000_R2_001.fastq.gz	K562	358448679112b55520c3e18efd2a8082	6afe2e0be56c1ccabd7a9a9d601c2618
F20	TGACGCGGGCCAAGAC	F20_L000_R1_001.fastq.gz	F20_L000_R2_001.fastq.gz	K562	6853cbecd08a31cef4b9f95328dbd8d8	9334b0175e17509a58d5bd0b72aad76f
H20	TGACTCAAACTTATCT	H20_L000_R1_001.fastq.gz	H20_L000_R2_001.fastq.gz	RMG2	43232f20d7597e01686cd351c152d9f9	cc6b3c508f090d10952861bb274e25ee
J20	TGAGCAGGAGCTGAAT	J20_L000_R1_001.fastq.gz	J20_L000_R2_001.fastq.gz	RMG2	4a9b3a37d6112f52ad3b98d67d140bbd	b092b692fabac7db37e971f8cb4cbe01
L20	TGCCATCCCATATCTG	L20_L000_R1_001.fastq.gz	L20_L000_R2_001.fastq.gz	HEK293T	5661426f27ad9f960b8590afecaa95be	1b3e792ef4ad426d81e6c021d29a6406
N20	TGCCTCTCCGTACGTC	N20_L000_R1_001.fastq.gz	N20_L000_R2_001.fastq.gz	HEK293T	2dfb7db41389a0f647535549ed845247	4cea36eeeeccdcd55a2b7850c491fffb
P20	TGCTCTTCGCGCTGAG	P20_L000_R1_001.fastq.gz	P20_L000_R2_001.fastq.gz	K562	e384346d0cce1ff4317687e384005f45	f2ed56b89fd517c1048e0dd1b9fe683c
B22	TGGACCATTTCTTGCA	B22_L000_R1_001.fastq.gz	B22_L000_R2_001.fastq.gz	HEK293T	2bf9bdacce0a6496a1b8aa6c1cd42826	4eea1592c97d35d7e72d1c41d58a1b63
D22	TGGAGTACTCTGGACG	D22_L000_R1_001.fastq.gz	D22_L000_R2_001.fastq.gz	K562	184299c86b2ab25996cea976eb412a1b	496fda5777e7678ce892214b3b7a01a7
F22	TGGCCATCGCTGGCTT	F22_L000_R1_001.fastq.gz	F22_L000_R2_001.fastq.gz	K562	1709a5c0f26ce48fdfcc7e1e8b0a1f95	15930724ba0325d4c477ff889ffea979
H22	TGGCGACGGCCAGGCG	H22_L000_R1_001.fastq.gz	H22_L000_R2_001.fastq.gz	RMG2	e9358248fdc671aa1feaf52379d2a9ec	41d492654437a9c7eb6a851c629c3fef
J22	TGGTAATTTGATTCCG	J22_L000_R1_001.fastq.gz	J22_L000_R2_001.fastq.gz	RMG2	7439e16bf3739b66fefbade8de12dc86	7f3ac58f957660e5cf85963340d73fe9
L22	TGGTATGAGTTACGCT	L22_L000_R1_001.fastq.gz	L22_L000_R2_001.fastq.gz	HEK293T	cdba01b08be620dafc697cfa3fa2a36c	e47d22daa12a0943d2bbaf837430e10d
N22	TGGTTGACCCGTTATT	N22_L000_R1_001.fastq.gz	N22_L000_R2_001.fastq.gz	HEK293T	8b8c83e5bf255442b49f0a947432ad6e	1ad56f60fa54f2e00b94c108cefaf8cb
P22	TTACCATTCTAGCATA	P22_L000_R1_001.fastq.gz	P22_L000_R2_001.fastq.gz	K562	cdfbd7bb78a7e4819494a971a874066a	03b8a20e31b82e45c4a87ac6fba2e7ac
B24	TTACTTCTCTTAGTTC	B24_L000_R1_001.fastq.gz	B24_L000_R2_001.fastq.gz	HEK293T	a14f0e06ee868899e17722ea96f48864	ce62382b1894bf8a39538ab3a6bc3fa5
D24	TTAGATCGTACGGCTG	D24_L000_R1_001.fastq.gz	D24_L000_R2_001.fastq.gz	K562	e40df80db468811a08a7a32549eb14b3	54200ef6ae54f2924bd830b598577462
F24	TTAGGATGGAGGCTGG	F24_L000_R1_001.fastq.gz	F24_L000_R2_001.fastq.gz	K562	ba218f7086bc1f2a510c1faaf25df46f	0521c0f282930f01b10efbec3c86ed9d
J24	TTCGATGAATTGGATC	J24_L000_R1_001.fastq.gz	J24_L000_R2_001.fastq.gz	RMG2	d43b5dd946f67e42a7ce3efbe5d9d20b	2fd48e08b8058047799c3929a64fbf4c
L24	TTCGTCGGGCGAGGTC	L24_L000_R1_001.fastq.gz	L24_L000_R2_001.fastq.gz	HEK293T	81d3999fe94a593c9393776c1045ed04	64e7aab11f29580f09c506980c304d46
N24	TTGGCAGAGGTAGAGA	N24_L000_R1_001.fastq.gz	N24_L000_R2_001.fastq.gz	HEK293T	8609e646ae71ce35a6ead8fda241605a	d94d6ee05d54794b5acccd9d4b409f4a
